Date,daily_mae
2025-01-01,35.20666675
2025-01-02,613.5104166666666
2025-01-03,478.5479128333333
2025-01-04,892.2833297500001
2025-01-05,493.1283344583333
2025-01-06,162.91916533333332
2025-01-07,188.34874883333336
2025-01-08,571.8733338333333
2025-01-09,888.7124987083334
2025-01-10,819.7579239999999
2025-01-11,715.04416875
2025-01-12,813.9808320416665
2025-01-13,503.9537445
2025-01-14,408.18749449999996
2025-01-15,1493.0662394583335
2025-01-16,692.1862522916666
2025-01-17,720.6120819166666
2025-01-18,975.03875175
2025-01-19,941.9687521666668
2025-01-20,1711.933740875
2025-01-21,1180.6816631666668
2025-01-22,1136.8820924166666
2025-01-23,678.1141594583333
2025-01-24,238.171666375
2025-01-25,605.337915
2025-01-26,686.4399963333334
2025-01-27,274.7799984166667
2025-01-28,645.1875020833334
2025-01-29,770.6908336666667
2025-01-30,882.745422125
2025-01-31,987.5354127083333
2025-02-01,971.0021947083333
2025-02-02,989.9893613333334
2025-02-03,1102.6306054166666
2025-02-04,726.0821938333333
2025-02-05,679.3325105416667
2025-02-06,1015.1567185833333
2025-02-07,724.0929554583332
2025-02-08,595.8835325416667
2025-02-09,770.6200984166667
2025-02-10,584.157121875
2025-02-11,552.581194125
2025-02-12,971.0568073333334
2025-02-13,1170.4996052916667
2025-02-14,1317.5685224166666
2025-02-15,971.797252125
2025-02-16,971.4497836666666
2025-02-17,1126.0177027083334
2025-02-18,961.5631957916667
2025-02-19,778.7811187916665
2025-02-20,466.8692450833334
2025-02-21,497.13313662499996
2025-02-22,482.23418158333334
2025-02-23,512.418077375
2025-02-24,368.7018276666667
2025-02-25,995.5666191249999
2025-02-26,978.815701125
2025-02-27,922.647252875
2025-02-28,911.429052625
2025-03-01,877.1270817083333
2025-03-02,543.2935760833333
2025-03-03,403.2936002916667
2025-03-04,288.33743400000003
2025-03-05,179.57734329166666
2025-03-06,533.2283914999999
2025-03-07,713.131115625
2025-03-08,651.3492615
2025-03-09,561.075923375
2025-03-10,798.0782145416666
2025-03-11,883.8397834583333
2025-03-12,898.9880436666666
2025-03-13,917.678552875
2025-03-14,885.903122875
2025-03-15,668.823540875
2025-03-16,450.822084875
2025-03-17,713.0269678750001
2025-03-18,635.1428184166666
2025-03-19,744.5578138333334
2025-03-20,758.8289941666667
2025-03-21,459.38309991666665
2025-03-22,107.84497079166665
2025-03-23,383.54819912500005
2025-03-24,936.5913677916666
2025-03-25,691.5750912916668
2025-03-26,738.2802215416667
2025-03-27,658.3231075833334
2025-03-28,546.7757920833334
2025-03-29,554.655176375
2025-03-30,153.420145625
2025-03-31,783.9365639583333
2025-04-01,667.7645952916668
2025-04-02,472.0710058749999
2025-04-03,596.1720988333333
2025-04-04,608.5738545416666
2025-04-05,434.1144727083333
2025-04-06,434.75255016666665
2025-04-07,698.130405375
2025-04-08,726.7132080833334
2025-04-09,658.9567716666667
2025-04-10,387.83895508333336
2025-04-11,324.79636308333335
2025-04-12,490.56552654166666
2025-04-13,311.16341604166666
2025-04-14,699.6260561666667
2025-04-15,262.90986075
2025-04-16,606.523802
2025-04-17,693.180651
2025-04-18,582.6443181666667
2025-04-19,488.2135982916666
2025-04-20,527.4163134583333
2025-04-21,589.6324831666666
2025-04-22,829.750420875
2025-04-23,793.3826315
2025-04-24,703.8728747083334
2025-04-25,650.4623176250001
2025-04-26,415.66135133333336
2025-04-27,407.185671875
2025-04-28,564.59861675
2025-04-29,538.3436637916667
2025-04-30,556.6667996666666
2025-05-01,473.8621433333333
2025-05-02,442.36640983333336
2025-05-03,367.7909347083333
2025-05-04,262.8871242916667
2025-05-05,605.7431844583333
2025-05-06,661.4366053333333
2025-05-07,724.47179925
2025-05-08,757.1353742083332
2025-05-09,596.7568924583334
2025-05-10,492.9578616666666
2025-05-11,408.51326229166665
2025-05-12,553.8686855833333
2025-05-13,590.30023825
2025-05-14,533.9061716666666
2025-05-15,485.17338362500004
2025-05-16,534.6096130416666
2025-05-17,460.6251739583333
2025-05-18,480.68626279166665
2025-05-19,669.9675126666666
2025-05-20,593.2694705833333
2025-05-21,214.10525683333333
2025-05-22,267.7634724583333
2025-05-23,553.9124869999999
2025-05-24,378.24537791666665
2025-05-25,118.80827895833333
2025-05-26,342.2429841666667
2025-05-27,291.8677947083333
2025-05-28,622.9506558333334
2025-05-29,344.23344516666674
2025-05-30,336.961117
2025-05-31,521.8086614166667
2025-06-01,282.8343804583333
2025-06-02,589.2820782083332
2025-06-03,408.4107126249999
2025-06-04,546.38822225
2025-06-05,531.5528667916666
2025-06-06,372.0653673333333
2025-06-07,437.53533158333335
2025-06-08,185.68270641666666
2025-06-09,313.6142350833333
2025-06-10,433.88745900000004
2025-06-11,534.38930175
2025-06-12,440.2346583333333
2025-06-13,382.0111317916667
2025-06-14,382.85945016666665
2025-06-15,467.4980653333334
2025-06-16,534.8792100416666
2025-06-17,556.6187394166667
2025-06-18,513.040001875
2025-06-19,461.62614912500004
2025-06-20,638.9750089166666
2025-06-21,574.5970553333333
2025-06-22,375.6794691666667
2025-06-23,171.2770275
2025-06-24,212.173231125
2025-06-25,520.3219835833333
2025-06-26,639.6210530833333
2025-06-27,339.464470375
2025-06-28,223.1390635833333
2025-06-29,357.4976773333333
2025-06-30,738.9966414583332
2025-07-01,1020.3310273333333
2025-07-02,741.0451642083334
2025-07-03,301.48285304166666
2025-07-04,465.0926089583333
2025-07-05,232.0115505
2025-07-06,534.8310132916667
2025-07-07,686.29386875
2025-07-08,650.0667320416666
2025-07-09,672.7444743333334
2025-07-10,660.86387675
2025-07-11,643.5083685416666
2025-07-12,495.0968445833333
2025-07-13,536.9275941249999
2025-07-14,715.4126731666665
2025-07-15,656.3113184166667
2025-07-16,701.7557368749999
2025-07-17,672.6635532083334
2025-07-18,739.3960169583332
2025-07-19,500.4192479166666
2025-07-20,515.3799177083333
2025-07-21,714.3411355
2025-07-22,561.847819375
2025-07-23,565.3838563333334
2025-07-24,741.6883992916668
2025-07-25,696.2861095
2025-07-26,644.4023143333333
2025-07-27,572.0185129166667
2025-07-28,498.63003750000007
2025-07-29,419.10006345833335
2025-07-30,522.7713511666667
2025-07-31,628.8104403333333
2025-08-01,679.6530570416667
2025-08-02,475.35369825
2025-08-03,322.1014195
2025-08-04,295.64925220833334
2025-08-05,28.098323374999996
2025-08-06,224.25089233333333
2025-08-07,504.13979387499995
2025-08-08,560.4014675416666
2025-08-09,457.27775575000004
2025-08-10,444.61474120833327
2025-08-11,615.1521550833332
2025-08-12,619.3565897916667
2025-08-13,730.2643735416667
2025-08-14,770.0796117916666
2025-08-15,500.36421687499995
2025-08-16,438.90984962500005
2025-08-17,466.9752275
2025-08-18,671.2276075
2025-08-19,595.4607882916666
2025-08-20,651.3111488333333
2025-08-21,660.0508295833333
2025-08-22,465.4748878333333
2025-08-23,496.16146791666665
2025-08-24,465.15451720833335
2025-08-25,655.5779400416667
2025-08-26,733.797118
2025-08-27,767.7402693333333
2025-08-28,842.767013875
2025-08-29,691.3810792083333
2025-08-30,493.5113632083333
2025-08-31,409.78577929166664
2025-09-01,737.3901864999999
2025-09-02,890.99921525
2025-09-03,379.94204525000004
2025-09-04,631.818491375
2025-09-05,736.1178938749999
2025-09-06,543.1221099583333
2025-09-07,384.8052917083333
2025-09-08,877.5699285416667
2025-09-09,1031.3022377916666
2025-09-10,882.9399843333332
2025-09-11,411.03355400000004
2025-09-12,303.54015654166665
2025-09-13,328.4889869583333
2025-09-14,470.192546
2025-09-15,18.818694833333335
2025-09-16,24.786042625000004
2025-09-17,245.122872
2025-09-18,200.30776425
2025-09-19,433.4694685833333
2025-09-20,382.3585033333333
2025-09-21,65.25804979166666
2025-09-22,348.338657
2025-09-23,749.1397296250001
2025-09-24,568.1087059583333
2025-09-25,597.979989625
2025-09-26,469.4381785
2025-09-27,594.8144640416667
2025-09-28,629.7823759583333
2025-09-29,959.169194875
2025-09-30,991.00231546875
2025-10-01,850.4333860104167
2025-10-02,664.3222163020833
2025-10-03,191.37802421875003
2025-10-04,18.004626479166664
2025-10-05,52.43821053125
2025-10-06,642.6658934270833
2025-10-07,989.0612930104166
2025-10-08,857.4985814270834
2025-10-09,595.4513781458332
2025-10-10,465.08647850000006
2025-10-11,572.8801780729167
2025-10-12,607.0852880208332
2025-10-13,1015.2122839270833
2025-10-14,1154.538867739583
2025-10-15,984.8265048645832
2025-10-16,682.0718255625001
2025-10-17,748.2526781458333
2025-10-18,694.8524384479166
2025-10-19,482.9260755520833
2025-10-20,479.65402015624994
2025-10-21,425.2934662604166
2025-10-22,834.1893758749999
2025-10-23,527.7623782395833
2025-10-24,261.23149436458334
2025-10-25,82.484422375
2025-10-26,81.29749249999999
2025-10-27,510.34479737500004
2025-10-28,493.1345542395832
2025-10-29,620.0801936145832
2025-10-30,508.7558917395833
2025-10-31,590.7121886666667
2025-11-01,287.21397313541667
2025-11-02,571.6046606354166
2025-11-03,485.84378771875
2025-11-04,376.596037625
2025-11-05,593.1972220520834
2025-11-06,761.7408279375
2025-11-07,797.9422987916668
2025-11-08,775.9692007499999
2025-11-09,720.82247546875
2025-11-10,791.0460221458333
2025-11-11,624.5754787083333
2025-11-12,377.7631744479167
2025-11-13,443.951638
2025-11-14,701.00676259375
2025-11-15,596.77666175
2025-11-16,668.8064841458335
2025-11-17,635.7227986458333
2025-11-18,750.38377059375
2025-11-19,768.8721814166666
2025-11-20,922.1395800937502
2025-11-21,1072.6591948020834
2025-11-22,569.50298675
2025-11-23,472.04771246875
2025-11-24,938.3522845104167
2025-11-25,1535.2477600625
2025-11-26,1189.3128779166666
2025-11-27,510.8200611979167
2025-11-28,424.44261102083334
2025-11-29,531.1733205104166
2025-11-30,432.65491929166666
2025-12-01,506.96018061458335
2025-12-02,608.3057713645834
2025-12-03,1067.9731635416667
2025-12-04,899.5796785624999
2025-12-05,953.1400459166666
2025-12-06,525.7509127604167
2025-12-07,567.1332068124999
2025-12-08,394.42065446874994
2025-12-09,586.1653217708333
2025-12-10,391.99150905208336
2025-12-11,394.00644761458335
2025-12-12,798.8412861979167
2025-12-13,619.8267506145834
2025-12-14,289.00952482291666
2025-12-15,499.3526530833333
2025-12-16,771.6149187187499
2025-12-17,754.1237228958333
2025-12-18,404.24864393749993
2025-12-19,353.4101033125
2025-12-20,713.7631986458333
2025-12-21,650.6835037083333
2025-12-22,600.5355084583333
2025-12-23,537.8294501458332
2025-12-24,503.66184671875
2025-12-25,515.8740671354167
2025-12-26,712.3667834895832
2025-12-27,589.4189631979167
2025-12-28,577.9063345833333
2025-12-29,545.1247456770834
2025-12-30,636.9091540833333
2025-12-31,618.6601404791667
